cis_id,cis_control,d3fend_id,d3fend_tactic,d3fend_technique,attack_id
1.1,CIS 1.1 (L1) Ensure 'Allow Cortana Above Lock' is set to 'Block' (Automated),D3-DA,Detect,Asset Inventory,T1082
4.1.3.1,CIS 4.1.3.1 (L1) Ensure 'Prevent enabling lock screen camera' is set to 'Enabled' (Automated),D3-SCA,Harden,System Configuration,T1546
4.1.3.2,CIS 4.1.3.2 (L1) Ensure 'Prevent enabling lock screen slide show' is set to 'Enabled' (Automated),D3-SCA,Harden,System Configuration,T1546
4.4.1,CIS 4.4.1 (L1) Ensure 'Apply UAC restrictions to local accounts on network logons' is set to 'Enabled' (Automated),D3-LAM,Access Control,Account Management,T1078
4.4.2,CIS 4.4.2 (L1) Ensure 'Configure SMB v1 client driver' is set to 'Enabled: Disable driver (recommended)' (Automated),D3-NI,Isolate,Network Isolation,T1563
4.4.3,CIS 4.4.3 (L1) Ensure 'Configure SMB v1 server' is set to 'Disabled' (Automated),D3-NI,Isolate,Network Isolation,T1563
4.4.4,CIS 4.4.4 (L1) Ensure 'Enable Structured Exception Handling Overwrite Protection (SEHOP)' is set to 'Enabled' (Automated),D3-SCA,Harden,System Configuration,T1546
4.4.5,CIS 4.4.5 (L1) Ensure 'WDigest Authentication' is set to 'Disabled' (Automated),D3-MFA,Access Control,Multi-factor Authentication,T1556
4.5.1,CIS 4.5.1 (L1) Ensure 'MSS: (AutoAdminLogon) Enable Automatic Logon (not recommended)' is set to 'Disabled' (Automated),D3-LME,Detect,Log Management,T1005
4.5.2,"CIS 4.5.2 (L1) Ensure 'MSS: (DisableIPSourceRouting IPv6) IP source routing protection level (protects against packet spoofing)' is set to 'Enabled: Highest protection, source routing is completely disabled' (Automated)",D3-NI,Isolate,Network Isolation,T1563
4.5.3,"CIS 4.5.3 (L1) Ensure 'MSS: (DisableIPSourceRouting) IP source routing protection level (protects against packet spoofing)' is set to 'Enabled: Highest protection, source routing is completely disabled' (Automated)",D3-NI,Isolate,Network Isolation,T1563
4.5.5,CIS 4.5.5 (L1) Ensure 'MSS: (EnableICMPRedirect) Allow ICMP redirects to override OSPF generated routes' is set to 'Disabled' (Automated),D3-NI,Isolate,Network Isolation,T1563
4.5.7,CIS 4.5.7 (L1) Ensure 'MSS: (NoNameReleaseOnDemand) Allow the computer to ignore NetBIOS name release requests except from WINS servers' is set to 'Enabled' (Automated),D3-NI,Isolate,Network Isolation,T1563
4.5.9,CIS 4.5.9 (L1) Ensure 'MSS: (SafeDllSearchMode) Enable Safe DLL search mode (recommended)' is set to 'Enabled' (Automated),D3-SCA,Harden,System Configuration,T1546
4.5.10,CIS 4.5.10 (L1) Ensure 'MSS: (ScreenSaverGracePeriod) The time in seconds before the screen saver grace period expires (0 recommended)' is set to 'Enabled: 5 or fewer seconds' (Automated),D3-SCA,Harden,System Configuration,T1546
4.5.13,CIS 4.5.13 (L1) Ensure 'MSS: (WarningLevel) Percentage threshold for the security event log at which the system will generate a warning' is set to 'Enabled: 90% or less' (Automated),D3-LME,Detect,Log Management,T1005
4.6.4.1,CIS 4.6.4.1 (L1) Ensure 'Turn off multicast name resolution' is set to 'Enabled' (Automated),D3-NI,Isolate,Network Isolation,T1563
4.6.9.1,CIS 4.6.9.1 (L1) Ensure 'Prohibit installation and configuration of Network Bridge on your DNS domain network' is set to 'Enabled' (Automated),D3-NI,Isolate,Network Isolation,T1563
4.6.9.2,CIS 4.6.9.2 (L1) Ensure 'Prohibit use of Internet Connection Sharing on your DNS domain network' is set to 'Enabled' (Automated),D3-NI,Isolate,Network Isolation,T1563
4.6.9.3,CIS 4.6.9.3 (L1) Ensure 'Require domain users to elevate when setting a network's location' is set to 'Enabled' (Automated),D3-NI,Isolate,Network Isolation,T1563
4.6.11.1,"CIS 4.6.11.1 (L1) Ensure 'Hardened UNC Paths' is set to 'Enabled, with ""Require Mutual Authentication"", ""Require Integrity"", and “Require Privacy” set for all NETLOGON and SYSVOL shares' (Automated)",D3-MFA,Access Control,Multi-factor Authentication,T1556
4.6.18.1,CIS 4.6.18.1 (L1) Ensure 'Minimize the number of simultaneous connections to the Internet or a Windows Domain' is set to 'Enabled: 3 = Prevent Wi-Fi when on Ethernet' (Automated),D3-NI,Isolate,Network Isolation,T1563
4.6.18.2,CIS 4.6.18.2 (L1) Ensure 'Prohibit connection to non-domain networks when connected to domain authenticated network' is set to 'Enabled' (Automated),D3-MFA,Access Control,Multi-factor Authentication,T1556
4.7.1,CIS 4.7.1 (L1) Ensure 'Allow Print Spooler to accept client connections' is set to 'Disabled' (Automated),D3-SCA,Harden,System Configuration,T1546
4.7.2,CIS 4.7.2 (L1) Ensure 'Configure Redirection Guard: Redirection Guard Options' is set to 'Enabled: Redirection Guard Enabled' (Automated),D3-SCA,Harden,System Configuration,T1546
4.7.3,CIS 4.7.3 (L1) Ensure 'Configure RPC connection settings: Protocol to use for outgoing RPC connections' is set to 'Enabled: RPC over TCP' (Automated),D3-SCA,Harden,System Configuration,T1546
4.7.4,CIS 4.7.4 (L1) Ensure 'Configure RPC connection settings: Use authentication for outgoing RPC connections' is set to 'Enabled: Default' (Automated),D3-MFA,Access Control,Multi-factor Authentication,T1556
4.7.5,CIS 4.7.5 (L1) Ensure 'Configure RPC listener settings: Authentication protocol to use for incoming RPC connections:' is set to 'Enabled: Negotiate' or higher (Automated),D3-MFA,Access Control,Multi-factor Authentication,T1556
4.7.6,CIS 4.7.6 (L1) Ensure 'Configure RPC listener settings: Protocols to allow for incoming RPC connections' is set to 'Enabled: RPC over TCP' (Automated),D3-SCA,Harden,System Configuration,T1546
4.7.7,CIS 4.7.7 (L1) Ensure 'Configure RPC over TCP port: RPC over TCP port:' is set to 'Enabled: 0' (Automated),D3-SCA,Harden,System Configuration,T1546
4.7.8,CIS 4.7.8 (L1) Ensure 'Limits print driver installation to Administrators' is set to 'Enabled' (Automated),D3-SCA,Harden,System Configuration,T1546
4.7.9,CIS 4.7.9 (L1) Ensure 'Manage processing of Queue-specific files: Manage processing of Queue-Specific files' is set to 'Enabled: Limit Queue-specific files to Color profiles' (Automated),D3-LME,Detect,Log Management,T1005
4.7.10,CIS 4.7.10 (L1) Ensure 'Point and Print Restrictions: When installing drivers for a new connection' is set to 'Enabled: Show warning and elevation prompt' (Automated),D3-SCA,Harden,System Configuration,T1546
4.7.11,CIS 4.7.11 (L1) Ensure 'Point and Print Restrictions: When updating drivers for an existing connection' is set to 'Enabled: Show warning and elevation prompt' (Automated),D3-SCA,Harden,System Configuration,T1546
4.9.1.1,CIS 4.9.1.1 (L1) Ensure 'Turn off toast notifications on the lock screen (User)' is set to 'Enabled' (Automated),D3-SCA,Harden,System Configuration,T1546
4.10.4.1,CIS 4.10.4.1 (L1) Ensure 'Include command line in process creation events' is set to 'Enabled' (Automated),D3-LME,Detect,Log Management,T1005
4.10.5.1,CIS 4.10.5.1 (L1) Ensure 'Encryption Oracle Remediation' is set to 'Enabled: Force Updated Clients' (Automated),D3-PM,Harden,Patch Management,T1072
4.10.5.2,CIS 4.10.5.2 (L1) Ensure 'Remote host allows delegation of non- exportable credentials' is set to 'Enabled' (Automated),D3-LAM,Access Control,Account Management,T1078
4.10.9.2,CIS 4.10.9.2 (L1) Ensure 'Prevent device metadata retrieval from the Internet' is set to 'Enabled' (Automated),D3-DL Prevention,Isolate,Data Loss Prevention,T1565
4.10.13.1,"CIS 4.10.13.1 (L1) Ensure 'Boot-Start Driver Initialization Policy' is set to 'Enabled: Good, unknown and bad but critical' (Automated)",D3-SCA,Harden,System Configuration,T1546
4.10.19.1,CIS 4.10.19.1 (L1) Ensure 'Continue experiences on this device' is set to 'Disabled' (Automated),D3-SCA,Harden,System Configuration,T1546
4.10.19.2,CIS 4.10.19.2 (L1) Ensure 'Turn off background refresh of Group Policy' is set to 'Disabled' (Automated),D3-SCA,Harden,System Configuration,T1546
4.10.20.1.2,CIS 4.10.20.1.2 (L1) Ensure 'Turn off downloading of print drivers over HTTP' is set to 'Enabled' (Automated),D3-NI,Isolate,Network Isolation,T1563
4.10.20.1.5,CIS 4.10.20.1.5 (L1) Ensure 'Turn off Internet download for Web publishing and online ordering wizards' is set to 'Enabled' (Automated),D3-SCA,Harden,System Configuration,T1546
4.10.26.1,CIS 4.10.26.1 (L1) Ensure 'Block user from showing account details on sign-in' is set to 'Enabled' (Automated),D3-LAM,Access Control,Account Management,T1078
4.10.26.2,CIS 4.10.26.2 (L1) Ensure 'Do not display network selection UI' is set to 'Enabled' (Automated),D3-NI,Isolate,Network Isolation,T1563
4.10.26.3,CIS 4.10.26.3 (L1) Ensure 'Do not enumerate connected users on domain-joined computers' is set to 'Enabled' (Automated),D3-SCA,Harden,System Configuration,T1546
4.10.26.4,CIS 4.10.26.4 (L1) Ensure 'Enumerate local users on domain-joined computers' is set to 'Disabled' (Automated),D3-SCA,Harden,System Configuration,T1546
4.10.26.5,CIS 4.10.26.5 (L1) Ensure 'Turn off app notifications on the lock screen' is set to 'Enabled' (Automated),D3-SCA,Harden,System Configuration,T1546
4.10.26.6,CIS 4.10.26.6 (L1) Ensure 'Turn off picture password sign-in' is set to 'Enabled' (Automated),D3-PWD,Access Control,Password Policies,T1201
4.10.26.7,CIS 4.10.26.7 (L1) Ensure 'Turn on convenience PIN sign-in' is set to 'Disabled' (Automated),D3-SCA,Harden,System Configuration,T1546
4.10.29.5.1,CIS 4.10.29.5.1 (L1) Ensure 'Require a password when a computer wakes (on battery)' is set to 'Enabled' (Automated),D3-PWD,Access Control,Password Policies,T1201
4.10.29.5.2,CIS 4.10.29.5.2 (L1) Ensure 'Require a password when a computer wakes (plugged in)' is set to 'Enabled' (Automated),D3-PWD,Access Control,Password Policies,T1201
4.10.30.1,CIS 4.10.30.1 (L1) Ensure 'Configure Offer Remote Assistance' is set to 'Disabled' (Automated),D3-SCA,Harden,System Configuration,T1546
4.10.30.2,CIS 4.10.30.2 (L1) Ensure 'Configure Solicited Remote Assistance' is set to 'Disabled' (Automated),D3-SCA,Harden,System Configuration,T1546
4.10.31.1,CIS 4.10.31.1 (L1) Ensure 'Enable RPC Endpoint Mapper Client Authentication' is set to 'Enabled' (Automated),D3-MFA,Access Control,Multi-factor Authentication,T1556
4.10.31.2,CIS 4.10.31.2 (L1) Ensure 'Restrict Unauthenticated RPC clients' is set to 'Enabled: Authenticated' (Automated),D3-MFA,Access Control,Multi-factor Authentication,T1556
4.10.44.1.1,CIS 4.10.44.1.1 (L1) Ensure 'Enable Windows NTP Client' is set to 'Enabled' (Automated),D3-SCA,Harden,System Configuration,T1546
4.10.44.1.2,CIS 4.10.44.1.2 (L1) Ensure 'Enable Windows NTP Server' is set to 'Disabled' (Automated),D3-SCA,Harden,System Configuration,T1546
4.11.3.1,CIS 4.11.3.1 (L1) Ensure 'Allow Microsoft accounts to be optional' is set to 'Enabled' (Automated),D3-LAM,Access Control,Account Management,T1078
4.11.5.1,CIS 4.11.5.1 (L1) Ensure 'Do not preserve zone information in file attachments (User)' is set to 'Disabled' (Automated),D3-SCA,Harden,System Configuration,T1546
4.11.5.2,CIS 4.11.5.2 (L1) Ensure 'Notify antivirus programs when opening attachments (User)' is set to 'Enabled' (Automated),D3-AV,Detect,Anti-Virus,T1589
4.11.6.1,CIS 4.11.6.1 (L1) Ensure 'Disallow Autoplay for non-volume devices' is set to 'Enabled' (Automated),D3-SCA,Harden,System Configuration,T1546
4.11.6.2,CIS 4.11.6.2 (L1) Ensure 'Set the default behavior for AutoRun' is set to 'Enabled: Do not execute any autorun commands' (Automated),D3-SCA,Harden,System Configuration,T1546
4.11.6.3,CIS 4.11.6.3 (L1) Ensure 'Turn off Autoplay' is set to 'Enabled: All drives' (Automated),D3-SCA,Harden,System Configuration,T1546
4.11.8.1,CIS 4.11.8.1 (L1) Ensure 'Do not display the password reveal button' is set to 'Enabled' (Automated),D3-PWD,Access Control,Password Policies,T1201
4.11.8.2,CIS 4.11.8.2 (L1) Ensure 'Enumerate administrator accounts on elevation' is set to 'Disabled' (Automated),D3-LAM,Access Control,Account Management,T1078
4.11.8.3,CIS 4.11.8.3 (L1) Ensure 'Prevent the use of security questions for local accounts' is set to 'Enabled' (Automated),D3-LAM,Access Control,Account Management,T1078
4.11.10.1,CIS 4.11.10.1 (L1) Ensure 'Enable App Installer Experimental Features' is set to 'Disabled' (Automated),D3-SCA,Harden,System Configuration,T1546
4.11.10.2,CIS 4.11.10.2 (L1) Ensure 'Enable App Installer Hash Override' is set to 'Disabled' (Automated),D3-SCA,Harden,System Configuration,T1546
4.11.10.3,CIS 4.11.10.3 (L1) Ensure 'Enable App Installer ms-appinstaller protocol' is set to 'Disabled' (Automated),D3-SCA,Harden,System Configuration,T1546
4.11.15.1.1,CIS 4.11.15.1.1 (L1) Ensure 'Control Event Log behavior when the log file reaches its maximum size' is set to 'Disabled' (Automated),D3-LME,Detect,Log Management,T1005
4.11.15.2.1,CIS 4.11.15.2.1 (L1) Ensure 'Control Event Log behavior when the log file reaches its maximum size' is set to 'Disabled' (Automated),D3-LME,Detect,Log Management,T1005
4.11.15.3.1,CIS 4.11.15.3.1 (L1) Ensure 'Control Event Log behavior when the log file reaches its maximum size' is set to 'Disabled' (Automated),D3-LME,Detect,Log Management,T1005
4.11.15.4.1,CIS 4.11.15.4.1 (L1) Ensure 'Control Event Log behavior when the log file reaches its maximum size' is set to 'Disabled' (Automated),D3-LME,Detect,Log Management,T1005
4.11.15.1.2,"CIS 4.11.15.1.2 (L1) Ensure 'Specify the maximum log file size (KB)' is set to 'Enabled: 32,768 or greater' (Automated)",D3-LME,Detect,Log Management,T1005
4.11.15.3.2,"CIS 4.11.15.3.2 (L1) Ensure 'Specify the maximum log file size (KB)' is set to 'Enabled: 32,768 or greater' (Automated)",D3-LME,Detect,Log Management,T1005
4.11.15.4.2,"CIS 4.11.15.4.2 (L1) Ensure 'Specify the maximum log file size (KB)' is set to 'Enabled: 32,768 or greater' (Automated)",D3-LME,Detect,Log Management,T1005
4.11.15.2.2,"CIS 4.11.15.2.2 (L1) Ensure 'Specify the maximum log file size (KB)' is set to 'Enabled: 196,608 or greater' (Automated)",D3-LME,Detect,Log Management,T1005
4.11.18.1,CIS 4.11.18.1 (L1) Ensure 'Configure Windows Defender SmartScreen' is set to 'Enabled: Warn and prevent bypass' (Automated),D3-SCA,Harden,System Configuration,T1546
4.11.18.2,CIS 4.11.18.2 (L1) Ensure 'Turn off Data Execution Prevention for Explorer' is set to 'Disabled' (Automated),D3-SCA,Harden,System Configuration,T1546
4.11.18.3,CIS 4.11.18.3 (L1) Ensure 'Turn off heap termination on corruption' is set to 'Disabled' (Automated),D3-SCA,Harden,System Configuration,T1546
4.11.18.4,CIS 4.11.18.4 (L1) Ensure 'Turn off shell protocol protected mode' is set to 'Disabled' (Automated),D3-SCA,Harden,System Configuration,T1546
4.11.27.1,CIS 4.11.27.1 (L1) Ensure 'Block all consumer Microsoft account user authentication' is set to 'Enabled' (Automated),D3-LAM,Access Control,Account Management,T1078
4.11.28.3.1,CIS 4.11.28.3.1 (L1) Ensure 'Configure local setting override for reporting to Microsoft MAPS' is set to 'Disabled' (Automated),D3-SCA,Harden,System Configuration,T1546
4.11.31.1,CIS 4.11.31.1 (L1) Ensure 'Prevent users from sharing files within their profile. (User)' is set to 'Enabled' (Automated),D3-NI,Isolate,Network Isolation,T1563
4.11.36.3.2,CIS 4.11.36.3.2 (L1) Ensure 'Do not allow passwords to be saved' is set to 'Enabled' (Automated),D3-PWD,Access Control,Password Policies,T1201
4.11.36.4.3.2,CIS 4.11.36.4.3.2 (L1) Ensure 'Do not allow drive redirection' is set to 'Enabled' (Automated),D3-SCA,Harden,System Configuration,T1546
4.11.36.4.9.1,CIS 4.11.36.4.9.1 (L1) Ensure 'Always prompt for password upon connection' is set to 'Enabled' (Automated),D3-PWD,Access Control,Password Policies,T1201
4.11.36.4.9.2,CIS 4.11.36.4.9.2 (L1) Ensure 'Require secure RPC communication' is set to 'Enabled' (Automated),D3-SCA,Harden,System Configuration,T1546
4.11.36.4.9.3,CIS 4.11.36.4.9.3 (L1) Ensure 'Require use of specific security layer for remote (RDP) connections' is set to 'Enabled: SSL' (Automated),D3-SCA,Harden,System Configuration,T1546
4.11.36.4.9.4,CIS 4.11.36.4.9.4 (L1) Ensure 'Require user authentication for remote connections by using Network Level Authentication' is set to 'Enabled' (Automated),D3-MFA,Access Control,Multi-factor Authentication,T1556
4.11.36.4.9.5,CIS 4.11.36.4.9.5 (L1) Ensure 'Set client connection encryption level' is set to 'Enabled: High Level' (Automated),D3-FKA,Access Control,File Encryption,T1213
4.11.36.4.11.1,CIS 4.11.36.4.11.1 (L1) Ensure 'Do not delete temp folders upon exit' is set to 'Disabled' (Automated),D3-SCA,Harden,System Configuration,T1546
4.11.37.1,CIS 4.11.37.1 (L1) Ensure 'Prevent downloading of enclosures' is set to 'Enabled' (Automated),D3-SCA,Harden,System Configuration,T1546
4.11.42.1,CIS 4.11.42.1 (L1) Ensure 'Turn off the offer to update to the latest version of Windows' is set to 'Enabled' (Automated),D3-PM,Harden,Patch Management,T1072
4.11.50.1,CIS 4.11.50.1 (L1) Ensure 'Enable MPR notifications for the system' is set to 'Disabled' (Automated),D3-SCA,Harden,System Configuration,T1546
4.11.50.2,CIS 4.11.50.2 (L1) Ensure 'Sign-in and lock last interactive user automatically after a restart' is set to 'Disabled' (Automated),D3-SCA,Harden,System Configuration,T1546
4.11.55.1.1,CIS 4.11.55.1.1 (L1) Ensure 'Allow Basic authentication' is set to 'Disabled' (Automated),D3-MFA,Access Control,Multi-factor Authentication,T1556
4.11.55.2.1,CIS 4.11.55.2.1 (L1) Ensure 'Allow Basic authentication' is set to 'Disabled' (Automated),D3-MFA,Access Control,Multi-factor Authentication,T1556
4.11.55.1.2,CIS 4.11.55.1.2 (L1) Ensure 'Allow unencrypted traffic' is set to 'Disabled' (Automated),D3-SCA,Harden,System Configuration,T1546
4.11.55.2.3,CIS 4.11.55.2.3 (L1) Ensure 'Allow unencrypted traffic' is set to 'Disabled' (Automated),D3-SCA,Harden,System Configuration,T1546
4.11.55.1.3,CIS 4.11.55.1.3 (L1) Ensure 'Disallow Digest authentication' is set to 'Enabled' (Automated),D3-MFA,Access Control,Multi-factor Authentication,T1556
4.11.55.2.4,CIS 4.11.55.2.4 (L1) Ensure 'Disallow WinRM from storing RunAs credentials' is set to 'Enabled' (Automated),D3-LAM,Access Control,Account Management,T1078
6.1,CIS 6.1 (L1) Ensure 'Account Logon Audit Credential Validation' is set to 'Success and Failure' (Automated),D3-LAM,Access Control,Account Management,T1078
6.2,CIS 6.2 (L1) Ensure 'Account Logon Logoff Audit Account Lockout' is set to include 'Failure' (Automated),D3-LAM,Access Control,Account Management,T1078
6.3,CIS 6.3 (L1) Ensure 'Account Logon Logoff Audit Group Membership' is set to include 'Success' (Automated),D3-LAM,Access Control,Account Management,T1078
6.4,CIS 6.4 (L1) Ensure 'Account Logon Logoff Audit Logoff' is set to include 'Success' (Automated),D3-LAM,Access Control,Account Management,T1078
6.5,CIS 6.5 (L1) Ensure 'Account Logon Logoff Audit Logon' is set to 'Success and Failure' (Automated),D3-LAM,Access Control,Account Management,T1078
6.6,CIS 6.6 (L1) Ensure 'Account Management Audit Application Group Management' is set to 'Success and Failure' (Automated),D3-LAM,Access Control,Account Management,T1078
6.7,CIS 6.7 (L1) Ensure 'Audit Authentication Policy Change' is set to include 'Success' (Automated),D3-MFA,Access Control,Multi-factor Authentication,T1556
6.8,CIS 6.8 (L1) Ensure 'Audit Authorization Policy Change' is set to include 'Success' (Automated),D3-MFA,Access Control,Multi-factor Authentication,T1556
6.9,CIS 6.9 (L1) Ensure 'Audit Changes to Audit Policy' is set to include 'Success' (Automated),D3-LME,Detect,Log Management,T1005
6.10,CIS 6.10 (L1) Ensure 'Audit File Share Access' is set to 'Success and Failure' (Automated),D3-LME,Detect,Log Management,T1005
6.11,CIS 6.11 (L1) Ensure 'Audit Other Logon Logoff Events' is set to 'Success and Failure' (Automated),D3-LME,Detect,Log Management,T1005
6.12,CIS 6.12 (L1) Ensure 'Audit Security Group Management' is set to include 'Success' (Automated),D3-LME,Detect,Log Management,T1005
6.13,CIS 6.13 (L1) Ensure 'Audit Security System Extension' is set to include 'Success' (Automated),D3-LME,Detect,Log Management,T1005
6.14,CIS 6.14 (L1) Ensure 'Audit Special Logon' is set to include 'Success' (Automated),D3-LME,Detect,Log Management,T1005
6.15,CIS 6.15 (L1) Ensure 'Audit User Account Management' is set to 'Success and Failure' (Automated),D3-LAM,Access Control,Account Management,T1078
6.16,CIS 6.16 (L1) Ensure 'Detailed Tracking Audit PNP Activity' is set to include 'Success' (Automated),D3-LME,Detect,Log Management,T1005
6.17,CIS 6.17 (L1) Ensure 'Detailed Tracking Audit Process Creation' is set to include 'Success' (Automated),D3-LME,Detect,Log Management,T1005
6.18,CIS 6.18 (L1) Ensure 'Object Access Audit Detailed File Share' is set to include 'Failure' (Automated),D3-LME,Detect,Log Management,T1005
6.19,CIS 6.19 (L1) Ensure 'Object Access Audit Other Object Access Events' is set to 'Success and Failure' (Automated),D3-LME,Detect,Log Management,T1005
6.20,CIS 6.20 (L1) Ensure 'Object Access Audit Removable Storage' is set to 'Success and Failure' (Automated),D3-LME,Detect,Log Management,T1005
6.21,CIS 6.21 (L1) Ensure 'Policy Change Audit MPSSVC Rule Level Policy Change' is set to 'Success and Failure' (Automated),D3-LME,Detect,Log Management,T1005
6.22,CIS 6.22 (L1) Ensure 'Policy Change Audit Other Policy Change Events' is set to include 'Failure' (Automated),D3-LME,Detect,Log Management,T1005
6.23,CIS 6.23 (L1) Ensure 'Privilege Use Audit Sensitive Privilege Use' is set to 'Success and Failure' (Automated),D3-LME,Detect,Log Management,T1005
6.24,CIS 6.24 (L1) Ensure 'System Audit I Psec Driver' is set to 'Success and Failure' (Automated),D3-SCA,Harden,System Configuration,T1546
6.25,CIS 6.25 (L1) Ensure 'System Audit Other System Events' is set to 'Success and Failure' (Automated),D3-LME,Detect,Log Management,T1005
6.26,CIS 6.26 (L1) Ensure 'System Audit Security State Change' is set to include 'Success' (Automated),D3-LME,Detect,Log Management,T1005
6.27,CIS 6.27 (L1) Ensure 'System Audit System Integrity' is set to 'Success and Failure' (Automated),D3-LME,Detect,Log Management,T1005
15.1,CIS 15.1 (L1) Ensure 'Config refresh' is set to 'Enabled' (Automated),D3-SCA,Harden,System Configuration,T1546
15.2,CIS 15.2 (L1) Ensure 'Refresh cadence' is set to '90' (or less) (Automated),D3-SCA,Harden,System Configuration,T1546
22.1,CIS 22.1 (L1) Ensure 'Allow Behavior Monitoring' is set to 'Allowed' (Automated),D3-LME,Detect,Log Management,T1005
22.2,CIS 22.2 (L1) Ensure 'Allow Email Scanning' is set to 'Allowed' (Automated),D3-SCA,Harden,System Configuration,T1546
22.3,CIS 22.3 (L1) Ensure 'Allow Full Scan Removable Drive Scanning' is set to 'Allowed' (Automated),D3-SCA,Harden,System Configuration,T1546
22.4,CIS 22.4 (L1) Ensure 'Allow Realtime Monitoring' is set to 'Allowed' (Automated),D3-LME,Detect,Log Management,T1005
22.5,CIS 22.5 (L1) Ensure 'Allow scanning of all downloaded files and attachments' is set to 'Allowed' (Automated),D3-SCA,Harden,System Configuration,T1546
22.6,CIS 22.6 (L1) Ensure 'Allow Script Scanning' is set to 'Allowed' (Automated),D3-SCA,Harden,System Configuration,T1546
22.7,CIS 22.7 (L1) Ensure 'ASR: Block abuse of exploited vulnerable signed drivers' is set to 'Block` (Automated),D3-SCA,Harden,System Configuration,T1546
22.8,CIS 22.8 (L1) Ensure 'ASR: Block Adobe Reader from creating child processes' is set to 'Block' (Automated),D3-LME,Detect,Log Management,T1005
22.9,CIS 22.9 (L1) Ensure 'ASR: Block all Office applications from creating child processes' is set to 'Audit' or higher (Automated),D3-LME,Detect,Log Management,T1005
22.10,CIS 22.10 (L1) Ensure 'ASR: Block credential stealing from the Windows local security authority subsystem' is set to 'Block' (Automated),D3-MFA,Access Control,Multi-factor Authentication,T1556
22.11,CIS 22.11 (L1) Ensure 'ASR: Block executable content from email client and webmail' is set to 'Block' (Automated),D3-SCA,Harden,System Configuration,T1546
22.12,"CIS 22.12 (L1) Ensure 'ASR: Block executable files from running unless they meet a prevalence, age, or trusted list criterion' is set to 'Audit' or higher (Automated)",D3-LME,Detect,Log Management,T1005
22.13,CIS 22.13 (L1) Ensure 'ASR: Block execution of potentially obfuscated scripts' is set to 'Audit' or higher (Automated),D3-LME,Detect,Log Management,T1005
22.14,CIS 22.14 (L1) Ensure 'ASR: Block JavaScript or VBScript from launching downloaded executable content' is set to 'Block' (Automated),D3-SCA,Harden,System Configuration,T1546
22.15,CIS 22.15 (L1) Ensure 'ASR: Block Office applications from creating executable content' is set to 'Block' (Automated),D3-SCA,Harden,System Configuration,T1546
22.16,CIS 22.16 (L1) Ensure 'ASR: Block Office applications from injecting code into other processes' is set to 'Block' (Automated),D3-LME,Detect,Log Management,T1005
22.17,CIS 22.17 (L1) Ensure 'ASR: Block Office communication application from creating child processes' is set to 'Audit' or higher (Automated),D3-LME,Detect,Log Management,T1005
22.18,CIS 22.18 (L1) Ensure 'ASR: Block persistence through WMI event subscription' is set to 'Block' (Automated),D3-SCA,Harden,System Configuration,T1546
22.19,CIS 22.19 (L1) Ensure 'ASR: Block process creations originating from PSExec and WMI commands' is set to 'Audit' or higher (Automated),D3-LME,Detect,Log Management,T1005
22.20,CIS 22.20 (L1) Ensure 'ASR: Block untrusted and unsigned processes that run from USB' is set to 'Block' (Automated),D3-LME,Detect,Log Management,T1005
22.21,CIS 22.21 (L1) Ensure 'ASR: Block Win32 API calls from Office macros' is set to 'Block' (Automated),D3-SCA,Harden,System Configuration,T1546
22.22,CIS 22.22 (L1) Ensure 'ASR: Use advanced protection against ransomware' is set to 'Audit' or higher (Automated),D3-LME,Detect,Log Management,T1005
22.23,CIS 22.23 (L1) Ensure 'Days Until Aggressive Catchup Quick Scan' is set to '7 days' or fewer (Automated),D3-SCA,Harden,System Configuration,T1546
22.26,CIS 22.26 (L1) Ensure 'Enable Network Protection' is set to 'Enabled (block mode)' (Automated),D3-NI,Isolate,Network Isolation,T1563
22.27,CIS 22.27 (L1) Ensure 'Hide Exclusions From Local Users' is set to 'Enabled' (Automated),D3-SCA,Harden,System Configuration,T1546
22.28,CIS 22.28 (L1) Ensure 'Oobe Enable Rtp And Sig Update' is set to 'Enabled' (Automated),D3-PM,Harden,Patch Management,T1072
22.29,CIS 22.29 (L1) Ensure 'PUA Protection' is set to 'PUA Protection on' (Automated),D3-SCA,Harden,System Configuration,T1546
22.30,CIS 22.30 (L1) Ensure 'Quick Scan Include Exclusions' is set to '1' (Automated),D3-SCA,Harden,System Configuration,T1546
22.32,CIS 22.32 (L1) Ensure 'Remote Encryption Protection Configured State' is set to 'Audit: Generate EDR detections without blocking' or higher (Automated),D3-SCA,Harden,System Configuration,T1546
23.1,CIS 23.1 (L1) Ensure 'DO Download Mode' is NOT set to 'HTTP blended with Internet Peering' (Automated),D3-NI,Isolate,Network Isolation,T1563
24.1,CIS 24.1 (L1) Ensure 'Configure System Guard Launch' is set to 'Unmanaged Enables Secure Launch if supported by hardware' (Automated),D3-SCA,Harden,System Configuration,T1546
24.2,CIS 24.2 (L1) Ensure 'Credential Guard' is set to 'Enabled with UEFI lock' (Automated),D3-LAM,Access Control,Account Management,T1078
24.3,CIS 24.3 (L1) Ensure 'Enable Virtualization Based Security' is set to 'Enable virtualization based security' (Automated),D3-SCA,Harden,System Configuration,T1546
24.4,CIS 24.4 (L1) Ensure 'Require Platform Security Features' is set to 'Turns on VBS with Secure Boot' or higher (Automated),D3-SB,Harden,Execution Prevention,T1542
26.1,CIS 26.1 (L1) Ensure 'Device Password Enabled' is set to 'Enabled' (Automated),D3-PWD,Access Control,Password Policies,T1201
26.2,CIS 26.2 (L1) Ensure 'Device Password Enabled: Alphanumeric Device Password Required' is set to 'Password or Alphanumeric PIN required' (Automated),D3-PWD,Access Control,Password Policies,T1201
26.3,CIS 26.3 (L1) Ensure 'Device Password Enabled: Min Device Password Complex Characters' is set to 'Digits and lowercase letters are required' (Automated),D3-PWD,Access Control,Password Policies,T1201
26.4,"CIS 26.4 (L1) Ensure 'Device Password Enabled: Device Password Expiration' is set to '365 or fewer days, but not 0' (Automated)",D3-PWD,Access Control,Password Policies,T1201
26.5,CIS 26.5 (L1) Ensure 'Device Password Enabled: Device Password History' is set to '24 or more password(s)' (Automated),D3-PWD,Access Control,Password Policies,T1201
26.6,"CIS 26.6 (L1) Ensure 'Device Password Enabled: Max Device Password Failed Attempts' is set to '5 or fewer failed attempt(s), but not 0' (Automated)",D3-PWD,Access Control,Password Policies,T1201
26.7,"CIS 26.7 (L1) Ensure 'Device Password Enabled: Max Inactivity Time Device Lock' is set to '15 or fewer minutes, but not 0' (Automated)",D3-PWD,Access Control,Password Policies,T1201
26.8,CIS 26.8 (L1) Ensure 'Device Password Enabled: Min Device Password Length' is set to '14 or more character(s)' (Automated),D3-PWD,Access Control,Password Policies,T1201
26.9,CIS 26.9 (L1) Ensure 'Minimum Password Age' is set to '1 or more day(s)' (Automated),D3-PWD,Access Control,Password Policies,T1201
34.1,CIS 34.1 (L1) Ensure 'Allow Cortana' is set to 'Block' (Automated),D3-SCA,Harden,System Configuration,T1546
34.2,CIS 34.2 (L1) Ensure 'Allow Spotlight Collection (User)' is set to '0' (Automated),D3-SCA,Harden,System Configuration,T1546
34.4,CIS 34.4 (L1) Ensure 'Disable Consumer Account State Content' is set to 'Enabled' (Automated),D3-LAM,Access Control,Account Management,T1078
34.5,CIS 34.5 (L1) Ensure 'Do not show feedback notifications' is set to 'Feedback notifications are disabled' (Automated),D3-SCA,Harden,System Configuration,T1546
38.1,CIS 38.1 (L1) Ensure 'Enable Domain Network Firewall' is set to 'True' (Automated),D3-NI,Isolate,Network Isolation,T1563
38.2,CIS 38.2 (L1) Ensure 'Enable Domain Network Firewall: Default Inbound Action for Domain Profile' is set to 'Block' (Automated),D3-NI,Isolate,Network Isolation,T1563
38.3,CIS 38.3 (L1) Ensure 'Enable Domain Network Firewall: Disable Inbound Notifications' is set to 'True' (Automated),D3-NI,Isolate,Network Isolation,T1563
38.4,CIS 38.4 (L1) Ensure 'Enable Domain Network Firewall: Enable Log Dropped Packets' is set to 'Yes: Enable Logging Of Dropped Packets' (Automated),D3-NI,Isolate,Network Isolation,T1563
38.5,CIS 38.5 (L1) Ensure 'Enable Domain Network Firewall: Enable Log Success Connections' is set to 'Enable Logging Of Successful Connections' (Automated),D3-NI,Isolate,Network Isolation,T1563
38.6,CIS 38.6 (L1) Ensure 'Enable Domain Network Firewall: Log File Path' is set to '%SystemRoot%\System32\logfiles\firewall\domainfw.log ' (Automated),D3-NI,Isolate,Network Isolation,T1563
38.7,"CIS 38.7 (L1) Ensure 'Enable Domain Network Firewall: Log Max File Size' is set to '16,384 KB or greater' (Automated)",D3-NI,Isolate,Network Isolation,T1563
38.8,CIS 38.8 (L1) Ensure 'Enable Private Network Firewall' is set to 'True' (Automated),D3-NI,Isolate,Network Isolation,T1563
38.9,CIS 38.9 (L1) Ensure 'Enable Private Network Firewall: Default Inbound Action for Private Profile' is set to 'Block' (Automated),D3-NI,Isolate,Network Isolation,T1563
38.10,CIS 38.10 (L1) Ensure 'Enable Private Network Firewall: Disable Inbound Notifications' is set to 'True' (Automated),D3-NI,Isolate,Network Isolation,T1563
38.11,CIS 38.11 (L1) Ensure 'Enable Private Network Firewall: Enable Log Success Connections' is set to 'Enable Logging Of Successful Connections' (Automated),D3-NI,Isolate,Network Isolation,T1563
38.12,CIS 38.12 (L1) Ensure 'Enable Private Network Firewall: Enable Log Dropped Packets' is set to 'Yes: Enable Logging Of Dropped Packets' (Automated),D3-NI,Isolate,Network Isolation,T1563
38.13,CIS 38.13 (L1) Ensure 'Enable Private Network Firewall: Log File Path' is set to '%SystemRoot%\System32\logfiles\firewall\privatefw.log' (Automated),D3-NI,Isolate,Network Isolation,T1563
38.14,"CIS 38.14 (L1) Ensure 'Enable Private Network Firewall: Log Max File Size' is set to '16,384 KB or greater' (Automated)",D3-NI,Isolate,Network Isolation,T1563
38.15,CIS 38.15 (L1) Ensure 'Enable Public Network Firewall' is set to 'True' (Automated),D3-NI,Isolate,Network Isolation,T1563
38.16,CIS 38.16 (L1) Ensure 'Enable Public Network Firewall: Allow Local Ipsec Policy Merge' is set to 'False' (Automated),D3-NI,Isolate,Network Isolation,T1563
38.17,CIS 38.17 (L1) Ensure 'Enable Public Network Firewall: Allow Local Policy Merge' is set to 'False' (Automated),D3-NI,Isolate,Network Isolation,T1563
38.18,CIS 38.18 (L1) Ensure 'Enable Public Network Firewall: Default Inbound Action for Public Profile' is set to 'Block' (Automated),D3-NI,Isolate,Network Isolation,T1563
38.19,CIS 38.19 (L1) Ensure 'Enable Public Network Firewall: Disable Inbound Notifications' is set to 'True' (Automated),D3-NI,Isolate,Network Isolation,T1563
38.20,CIS 38.20 (L1) Ensure 'Enable Public Network Firewall: Enable Log Dropped Packets' is set to 'Yes: Enable Logging Of Dropped Packets' (Automated),D3-NI,Isolate,Network Isolation,T1563
38.21,CIS 38.21 (L1) Ensure 'Enable Public Network Firewall: Enable Log Success Connections' is set to 'Enable Logging Of Successful Connections' (Automated),D3-NI,Isolate,Network Isolation,T1563
38.22,CIS 38.22 (L1) Ensure 'Enable Public Network Firewall: Log File Path' is set to '%SystemRoot%\System32\logfiles\firewall\publicfw.log' (Automated),D3-NI,Isolate,Network Isolation,T1563
38.23,"CIS 38.23 (L1) Ensure 'Enable Public Network Firewall: Log Max File Size' is set to '16,384 KB or greater' (Automated)",D3-NI,Isolate,Network Isolation,T1563
46.1,CIS 46.1 (L1) Ensure 'Enable insecure guest logons' is set to 'Disabled' (Automated),D3-LME,Detect,Log Management,T1005
49.1,CIS 49.1 (L1) Ensure 'Accounts: Enable Guest account status' is set to 'Disabled' (Automated),D3-LAM,Access Control,Account Management,T1078
49.2,CIS 49.2 (L1) Ensure 'Accounts: Limit local account use of blank passwords to console logon only' is set to 'Enabled' (Automated),D3-LAM,Access Control,Account Management,T1078
49.6,CIS 49.6 (L1) Ensure 'Interactive logon: Do not display last signed-in' is set to 'Enabled' (Automated),D3-LME,Detect,Log Management,T1005
49.7,CIS 49.7 (L1) Ensure 'Interactive logon: Do not require CTRL+ALT+DEL' is set to 'Disabled' (Automated),D3-LME,Detect,Log Management,T1005
49.8,"CIS 49.8 (L1) Ensure 'Interactive logon: Machine inactivity limit' is set to '900 or fewer second(s), but not 0' (Automated)",D3-LME,Detect,Log Management,T1005
49.11,CIS 49.11 (L1) Ensure 'Interactive logon: Smart card removal behavior' is set to 'Lock Workstation' or higher (Automated),D3-LME,Detect,Log Management,T1005
49.12,CIS 49.12 (L1) Ensure 'Microsoft network client: Digitally sign communications (always)' is set to 'Enabled' (Automated),D3-NI,Isolate,Network Isolation,T1563
49.13,CIS 49.13 (L1) Ensure 'Microsoft network client: Digitally sign communications (if server agrees)' is set to 'Enabled' (Automated),D3-NI,Isolate,Network Isolation,T1563
49.14,CIS 49.14 (L1) Ensure 'Microsoft network client: Send unencrypted password to third-party SMB servers' is set to 'Disabled' (Automated),D3-PWD,Access Control,Password Policies,T1201
49.15,CIS 49.15 (L1) Ensure 'Microsoft network server: Digitally sign communications (always)' is set to 'Enabled' (Automated),D3-NI,Isolate,Network Isolation,T1563
49.16,CIS 49.16 (L1) Ensure 'Microsoft network server: Digitally sign communications (if client agrees)' is set to 'Enabled' (Automated),D3-NI,Isolate,Network Isolation,T1563
49.17,CIS 49.17 (L1) Ensure 'Network access: Do not allow anonymous enumeration of SAM accounts' is set to 'Enabled' (Automated),D3-LAM,Access Control,Account Management,T1078
49.18,CIS 49.18 (L1) Ensure 'Network access: Do not allow anonymous enumeration of SAM accounts and shares' is set to 'Enabled' (Automated),D3-LAM,Access Control,Account Management,T1078
49.19,CIS 49.19 (L1) Ensure 'Network access: Restrict anonymous access to Named Pipes and Shares' is set to 'Enabled' (Automated),D3-NI,Isolate,Network Isolation,T1563
49.20,CIS 49.20 (L1) Ensure 'Network access: Restrict clients allowed to make remote calls to SAM' is set to 'Administrators: Remote Access: Allow' (Automated),D3-NI,Isolate,Network Isolation,T1563
49.21,CIS 49.21 (L1) Ensure 'Network security: Allow Local System to use computer identity for NTLM' is set to 'Allow' (Automated),D3-NI,Isolate,Network Isolation,T1563
49.22,CIS 49.22 (L1) Ensure 'Network Security: Allow PKU2U authentication requests' is set to 'Block' (Automated),D3-MFA,Access Control,Multi-factor Authentication,T1556
49.23,CIS 49.23 (L1) Ensure 'Network security: Do not store LAN Manager hash value on next password change' is set to 'Enabled' (Automated),D3-PWD,Access Control,Password Policies,T1201
49.24,CIS 49.24 (L1) Ensure 'Network security: LAN Manager authentication level' is set to 'Send LM and NTLMv2 responses only. Refuse LM and NTLM' (Automated),D3-PM,Harden,Patch Management,T1072
49.25,CIS 49.25 (L1) Ensure 'Network Security Minimum Session Security For NTLMSSP Based Clients' is set to 'Require NTLM and 128-bit encryption' (Automated),D3-NI,Isolate,Network Isolation,T1563
49.26,CIS 49.26 (L1) Ensure 'Network Security Minimum Session Security For NTLMSSP Based Servers' is set to 'Require NTLM and 128-bit encryption' (Automated),D3-NI,Isolate,Network Isolation,T1563
49.27,CIS 49.27 (L1) Ensure 'Network security: Restrict NTLM: Audit Incoming NTLM Traffic' is set to 'Enable auditing for all accounts' (Automated),D3-LAM,Access Control,Account Management,T1078
49.28,CIS 49.28 (L1) Ensure 'User Account Control: Behavior of the elevation prompt for administrators' is set to 'Prompt for consent on the secure desktop' or higher (Automated),D3-LAM,Access Control,Account Management,T1078
49.29,CIS 49.29 (L1) Ensure 'User Account Control: Behavior of the elevation prompt for standard users' is set to 'Automatically deny elevation requests' (Automated),D3-LAM,Access Control,Account Management,T1078
49.30,CIS 49.30 (L1) Ensure 'User Account Control: Detect application installations and prompt for elevation' is set to 'Enabled' (Automated),D3-LAM,Access Control,Account Management,T1078
49.31,CIS 49.31 (L1) Ensure 'User Account Control: Only elevate UIAccess applications that are installed in secure locations' is set to 'Enabled' (Automated),D3-LAM,Access Control,Account Management,T1078
49.32,CIS 49.32 (L1) Ensure 'User Account Control: Use Admin Approval Mode' is set to 'Enabled' (Automated),D3-LAM,Access Control,Account Management,T1078
49.33,CIS 49.33 (L1) Ensure 'User Account Control: Switch to the secure desktop when prompting for elevation' is set to 'Enabled' (Automated),D3-LAM,Access Control,Account Management,T1078
49.34,CIS 49.34 (L1) Ensure 'User Account Control: Run all administrators in Admin Approval Mode' is set to 'Enabled' (Automated),D3-LAM,Access Control,Account Management,T1078
49.35,CIS 49.35 (L1) Ensure 'User Account Control: Virtualize file and registry write failures to per-user locations' is set to 'Enabled' (Automated),D3-LAM,Access Control,Account Management,T1078
50.1,CIS 50.1 (L1) Ensure 'Configure Lsa Protected Process is set to 'Enabled with UEFI Lock...' (Automated),D3-SCA,Harden,System Configuration,T1546
55.1,CIS 55.1 (L1) Ensure 'Allow apps from the Microsoft app store to auto update' is set to 'Allowed' (Automated),D3-PM,Harden,Patch Management,T1072
55.2,CIS 55.2 (L1) Ensure 'Allow Game DVR' is set to 'Block' (Automated),D3-SCA,Harden,System Configuration,T1546
55.4,CIS 55.4 (L1) Ensure 'Block Non Admin User Install' is set to 'Block' (Automated),D3-SCA,Harden,System Configuration,T1546
55.6,CIS 55.6 (L1) Ensure 'MSI Allow user control over installs' is set to 'Disabled' (Automated),D3-SCA,Harden,System Configuration,T1546
55.7,CIS 55.7 (L1) Ensure 'MSI Always install with elevated privileges' is set to 'Disabled' (Automated),D3-SCA,Harden,System Configuration,T1546
55.8,CIS 55.8 (L1) Ensure 'MSI Always install with elevated privileges (User)' is set to 'Disabled' (Automated),D3-SCA,Harden,System Configuration,T1546
68.2,CIS 68.2 (L1) Ensure 'Allow Input Personalization' is set to 'Block' (Automated),D3-SCA,Harden,System Configuration,T1546
68.4,CIS 68.4 (L1) Ensure 'Let Apps Activate With Voice Above Lock' is set to 'Enabled: Force Deny' (Automated),D3-SCA,Harden,System Configuration,T1546
72.2,CIS 72.2 (L1) Ensure 'Allow Indexing Encrypted Stores Or Items' is set to 'Block' (Automated),D3-SCA,Harden,System Configuration,T1546
72.3,CIS 72.3 (L1) Ensure 'Allow Search To Use Location' is set to 'Block' (Automated),D3-DL Prevention,Isolate,Data Loss Prevention,T1565
76.1.1,CIS 76.1.1 (L1) Ensure 'Notify Malicious' is set to 'Enabled' (Automated),D3-SCA,Harden,System Configuration,T1546
76.1.2,CIS 76.1.2 (L1) Ensure 'Notify Password Reuse' is set to 'Enabled' (Automated),D3-PWD,Access Control,Password Policies,T1201
76.1.3,CIS 76.1.3 (L1) Ensure 'Notify Unsafe App' is set to 'Enabled' (Automated),D3-SCA,Harden,System Configuration,T1546
76.1.4,CIS 76.1.4 (L1) Ensure 'Service Enabled' is set to 'Enabled' (Automated),D3-SCA,Harden,System Configuration,T1546
79.1,CIS 79.1 (L1) Ensure 'Enable Sudo' is set to 'Sudo is disabled' (Automated),D3-SCA,Harden,System Configuration,T1546
80.3,CIS 80.3 (L1) Ensure 'Allow Telemetry' is set to 'Basic' (Automated),D3-DL Prevention,Isolate,Data Loss Prevention,T1565
80.6,CIS 80.6 (L1) Ensure 'Enable OneSettings Auditing' is set to 'Enabled' (Automated),D3-SCA,Harden,System Configuration,T1546
80.7,CIS 80.7 (L1) Ensure 'Limit Diagnostic Log Collection' is set to 'Enabled' (Automated),D3-LME,Detect,Log Management,T1005
80.8,CIS 80.8 (L1) Ensure 'Limit Dump Collection' is set to 'Enabled' (Automated),D3-SCA,Harden,System Configuration,T1546
81.3,CIS 81.3 (L1) Ensure 'Computer Browser (Browser)' is set to 'Disabled' or 'Not Installed' (Automated),D3-SCA,Harden,System Configuration,T1546
81.7,CIS 81.7 (L1) Ensure 'IIS Admin Service (IISADMIN)' is set to 'Disabled' or 'Not Installed' (Automated),D3-SCA,Harden,System Configuration,T1546
81.8,CIS 81.8 (L1) Ensure 'Infrared monitor service (irmon)' is set to 'Disabled' or 'Not Installed' (Automated),D3-SCA,Harden,System Configuration,T1546
81.10,CIS 81.10 (L1) Ensure 'LxssManager (LxssManager)' is set to 'Disabled' or 'Not Installed' (Automated),D3-SCA,Harden,System Configuration,T1546
81.11,CIS 81.11 (L1) Ensure 'Microsoft FTP Service (FTPSVC)' is set to 'Disabled' or 'Not Installed' (Automated),D3-SCA,Harden,System Configuration,T1546
81.13,CIS 81.13 (L1) Ensure 'OpenSSH SSH Server (sshd)' is set to 'Disabled' or 'Not Installed' (Automated),D3-SCA,Harden,System Configuration,T1546
81.20,CIS 81.20 (L1) Ensure 'Remote Procedure Call (RPC) Locator (RpcLocator)' is set to 'Disabled' (Automated),D3-SCA,Harden,System Configuration,T1546
81.22,CIS 81.22 (L1) Ensure 'Routing and Remote Access (RemoteAccess)' is set to 'Disabled' (Automated),D3-SCA,Harden,System Configuration,T1546
81.24,CIS 81.24 (L1) Ensure 'Simple TCP/IP Services (simptcp)' is set to 'Disabled' or 'Not Installed' (Automated),D3-SCA,Harden,System Configuration,T1546
81.26,CIS 81.26 (L1) Ensure 'Special Administration Console Helper (sacsvr)' is set to 'Disabled' or 'Not Installed' (Automated),D3-SCA,Harden,System Configuration,T1546
81.27,CIS 81.27 (L1) Ensure 'SSDP Discovery (SSDPSRV)' is set to 'Disabled' (Automated),D3-SCA,Harden,System Configuration,T1546
81.28,CIS 81.28 (L1) Ensure 'UPnP Device Host (upnphost)' is set to 'Disabled' (Automated),D3-SCA,Harden,System Configuration,T1546
81.29,CIS 81.29 (L1) Ensure 'Web Management Service (WMSvc)' is set to 'Disabled' or 'Not Installed' (Automated),D3-SCA,Harden,System Configuration,T1546
81.32,CIS 81.32 (L1) Ensure 'Windows Media Player Network Sharing Service (WMPNetworkSvc)' is set to 'Disabled' or 'Not Installed' (Automated),D3-NI,Isolate,Network Isolation,T1563
81.33,CIS 81.33 (L1) Ensure 'Windows Mobile Hotspot Service (icssvc)' is set to 'Disabled' (Automated),D3-SB,Harden,Execution Prevention,T1542
81.38,CIS 81.38 (L1) Ensure 'World Wide Web Publishing Service (W3SVC)' is set to 'Disabled' or 'Not Installed' (Automated),D3-SCA,Harden,System Configuration,T1546
81.39,CIS 81.39 (L1) Ensure 'Xbox Accessory Management Service (XboxGipSvc)' is set to 'Disabled' (Automated),D3-SCA,Harden,System Configuration,T1546
81.40,CIS 81.40 (L1) Ensure 'Xbox Live Auth Manager (XblAuthManager)' is set to 'Disabled' (Automated),D3-MFA,Access Control,Multi-factor Authentication,T1556
81.41,CIS 81.41 (L1) Ensure 'Xbox Live Game Save (XblGameSave)' is set to 'Disabled' (Automated),D3-SCA,Harden,System Configuration,T1546
81.42,CIS 81.42 (L1) Ensure 'Xbox Live Networking Service (XboxNetApiSvc)' is set to 'Disabled' (Automated),D3-NI,Isolate,Network Isolation,T1563
89.1,CIS 89.1 (L1) Ensure 'Access Credential Manager As Trusted Caller' is set to 'No One' (Automated),D3-LAM,Access Control,Account Management,T1078
89.2,"CIS 89.2 (L1) Ensure 'Access From Network' is set to 'Administrators, Remote Desktop Users' (Automated)",D3-NI,Isolate,Network Isolation,T1563
89.3,CIS 89.3 (L1) Ensure 'Act As Part Of The Operating System' is set to 'No One' (Automated),D3-SCA,Harden,System Configuration,T1546
89.4,"CIS 89.4 (L1) Ensure 'Allow Local Log On' is set to 'Administrators, Users' (Automated)",D3-LME,Detect,Log Management,T1005
89.5,CIS 89.5 (L1) Ensure 'Backup Files And Directories' is set to 'Administrators' (Automated),D3-DBK,Recover,Data Backup,T1534
89.6,"CIS 89.6 (L1) Ensure 'Change System Time' is set to 'Administrators, LOCAL SERVICE' (Automated)",D3-SCA,Harden,System Configuration,T1546
89.7,"CIS 89.7 (L1) Ensure 'Create Global Objects' is set to 'Administrators, LOCAL SERVICE, NETWORK SERVICE, SERVICE' (Automated)",D3-NI,Isolate,Network Isolation,T1563
89.8,CIS 89.8 (L1) Ensure 'Create Page File' is set to 'Administrators' (Automated),D3-SCA,Harden,System Configuration,T1546
89.9,CIS 89.9 (L1) Ensure 'Create Permanent Shared Objects' is set to 'No One' (Automated),D3-SCA,Harden,System Configuration,T1546
89.10,CIS 89.10 (L1) Ensure 'Create Symbolic Links' is set to 'Administrators' (Automated),D3-SCA,Harden,System Configuration,T1546
89.11,CIS 89.11 (L1) Ensure 'Create Token' is set to 'No One' (Automated),D3-SCA,Harden,System Configuration,T1546
89.12,CIS 89.12 (L1) Ensure 'Debug Programs' is set to 'Administrators' (Automated),D3-SCA,Harden,System Configuration,T1546
89.13,"CIS 89.13 (L1) Ensure 'Deny Access From Network' to include 'Guests, Local account' (Automated)",D3-LAM,Access Control,Account Management,T1078
89.14,CIS 89.14 (L1) Ensure 'Deny Local Log On' to include 'Guests' (Automated),D3-LME,Detect,Log Management,T1005
89.15,CIS 89.15 (L1) Ensure 'Deny Log On As Batch Job' to include 'Guests' (Automated),D3-LME,Detect,Log Management,T1005
89.16,CIS 89.16 (L1) Ensure 'Deny Log On As Service Job' to include 'Guests' (Automated),D3-LME,Detect,Log Management,T1005
89.17,"CIS 89.17 (L1) Ensure 'Deny Remote Desktop Services Log On' to include 'Guests, Local account' (Automated)",D3-LAM,Access Control,Account Management,T1078
89.18,CIS 89.18 (L1) Ensure 'Enable Delegation' is set to 'No One' (Automated),D3-SCA,Harden,System Configuration,T1546
89.19,"CIS 89.19 (L1) Ensure 'Generate Security Audits' is set to 'LOCAL SERVICE, NETWORK SERVICE' (Automated)",D3-NI,Isolate,Network Isolation,T1563
89.20,"CIS 89.20 (L1) Ensure 'Impersonate Client' is set to 'Administrators, LOCAL SERVICE, NETWORK SERVICE, SERVICE' (Automated)",D3-NI,Isolate,Network Isolation,T1563
89.21,"CIS 89.21 (L1) Ensure 'Increase Scheduling Priority' is set to 'Administrators, Window Manager\Window Manager Group' (Automated)",D3-SCA,Harden,System Configuration,T1546
89.22,CIS 89.22 (L1) Ensure 'Load Unload Device Drivers' is set to 'Administrators' (Automated),D3-SCA,Harden,System Configuration,T1546
89.23,CIS 89.23 (L1) Ensure 'Lock Memory' is set to 'No One' (Automated),D3-SCA,Harden,System Configuration,T1546
89.25,CIS 89.25 (L1) Ensure 'Manage auditing and security log' is set to 'Administrators' (Automated),D3-LME,Detect,Log Management,T1005
89.26,CIS 89.26 (L1) Ensure 'Manage Volume' is set to 'Administrators' (Automated),D3-SCA,Harden,System Configuration,T1546
89.27,CIS 89.27 (L1) Ensure 'Modify Firmware Environment' is set to 'Administrators' (Automated),D3-SCA,Harden,System Configuration,T1546
89.28,CIS 89.28 (L1) Ensure 'Modify Object Label' is set to 'No One' (Automated),D3-SCA,Harden,System Configuration,T1546
89.29,CIS 89.29 (L1) Ensure 'Profile Single Process' is set to 'Administrators' (Automated),D3-LME,Detect,Log Management,T1005
89.30,"CIS 89.30 (L1) Ensure 'Profile System Performance' is set to 'Administrators, NT SERVICE\WdiServiceHost' (Automated)",D3-SCA,Harden,System Configuration,T1546
89.31,CIS 89.31 (L1) Ensure 'Remote Shutdown' is set to 'Administrators' (Automated),D3-SCA,Harden,System Configuration,T1546
89.32,"CIS 89.32 (L1) Ensure 'Replace Process Level Token' is set to 'LOCAL SERVICE, NETWORK SERVICE' (Automated)",D3-NI,Isolate,Network Isolation,T1563
89.33,CIS 89.33 (L1) Ensure 'Restore Files And Directories' is set to 'Administrators' (Automated),D3-SCA,Harden,System Configuration,T1546
89.34,"CIS 89.34 (L1) Ensure 'Shut Down The System' is set to 'Administrators, Users' (Automated)",D3-SCA,Harden,System Configuration,T1546
89.35,CIS 89.35 (L1) Ensure 'Take Ownership' is set to 'Administrators' (Automated),D3-SCA,Harden,System Configuration,T1546
90.1,CIS 90.1 (L1) Ensure 'Hypervisor Enforced Code Integrity' is set to 'Enabled with UEFI lock' (Automated),D3-SB,Harden,Execution Prevention,T1542
90.2,CIS 90.2 (L1) Ensure 'Require UEFI Memory Attributes Table' is set to 'Require UEFI Memory Attributes Table' (Automated),D3-SCA,Harden,System Configuration,T1546
93.1,CIS 93.1 (L1) Ensure 'Allow Auto Connect To Wi Fi Sense Hotspots' is set to 'Block' (Automated),D3-SCA,Harden,System Configuration,T1546
94.1,CIS 94.1 (L1) Ensure 'Allow widgets' is set to 'Not allowed' (Automated),D3-SCA,Harden,System Configuration,T1546
96.1,CIS 96.1 (L1) Ensure 'Disallow Exploit Protection Override' is set to '(Enable)' (Automated),D3-SCA,Harden,System Configuration,T1546
97.1,CIS 97.1 (L1) Ensure 'Enable ESS with Supported Peripherals' is set to 'Enhanced sign-in security will be enabled…' (Automated),D3-SCA,Harden,System Configuration,T1546
97.2,CIS 97.2 (L1) Ensure 'Facial Features Use Enhanced Anti Spoofing' is set to 'true' (Automated),D3-SCA,Harden,System Configuration,T1546
97.3,CIS 97.3 (L1) Ensure 'Minimum PIN Length' is set to '6 more character(s)' (Automated),D3-PWD,Access Control,Password Policies,T1201
97.4,CIS 97.4 (L1) Ensure 'Require Security Device' is set to 'true' (Automated),D3-SCA,Harden,System Configuration,T1546
98.2,CIS 98.2 (L1) Ensure 'Allow Windows Ink Workspace' is set to 'Enabled: but the user can't access it above the lock screen' OR 'Disabled' (Automated),D3-SCA,Harden,System Configuration,T1546
101.1,CIS 101.1 (L1) Ensure 'Allow Clipboard Redirection' is set to 'Not allowed' (Automated),D3-SCA,Harden,System Configuration,T1546
101.2,CIS 101.2 (L1) Ensure 'Allow Networking' is set to 'Not allowed' (Automated),D3-NI,Isolate,Network Isolation,T1563
103.1,CIS 103.1 (L1) Ensure 'Allow Auto Update' is set to 'Enabled' (Automated),D3-PM,Harden,Patch Management,T1072
103.2,CIS 103.2 (L1) Ensure 'Defer Feature Updates Period in Days' is set to 'Enabled: 180 or more days' (Automated),D3-PM,Harden,Patch Management,T1072
103.3,CIS 103.3 (L1) Ensure 'Defer Quality Updates Period (Days)' is set to 'Enabled: 0 days' (Automated),D3-PM,Harden,Patch Management,T1072
103.4,CIS 103.4 (L1) Ensure 'Manage preview builds' is set to 'Disable Preview builds' (Automated),D3-PM,Harden,Patch Management,T1072
103.5,CIS 103.5 (L1) Ensure 'Scheduled Install Day' is set to 'Every day' (Automated),D3-PM,Harden,Patch Management,T1072
103.6,"CIS 103.6 (L1) Ensure 'Block ""Pause Updates"" ability' is set to 'Block' (Automated)",D3-PM,Harden,Patch Management,T1072
104.1,CIS 104.1 (L1) Ensure 'Require PIN For Pairing' is set to 'Enabled: Pairing ceremony for new devices will always require a PIN' OR 'All pairings will require PIN' (Automated),D3-SCA,Harden,System Configuration,T1546
105.1,CIS 105.1 (L1) Ensure 'Backup Directory' is set to 'Backup the password to Azure AD only' (Automated),D3-PWD,Access Control,Password Policies,T1201
105.2,CIS 105.2 (L1) Ensure 'Password Age Days' is set to 'Configured: 30 or fewer' (Automated),D3-PWD,Access Control,Password Policies,T1201
105.3,CIS 105.3 (L1) Ensure 'Password Complexity' is set to 'Large letters + small letters + numbers + special characters' (Automated),D3-PWD,Access Control,Password Policies,T1201
105.4,CIS 105.4 (L1) Ensure 'Password Length' is set to 'Configured: 15 or more' (Automated),D3-PWD,Access Control,Password Policies,T1201
105.5,CIS 105.5 (L1) Ensure 'Post-authentication actions' is set to 'Reset the password and logoff the managed account' or higher (Automated),D3-LAM,Access Control,Account Management,T1078
105.6,"CIS 105.6 (L1) Ensure 'Post Authentication Reset Delay' is set to 'Configured: 8 or fewer hours, but not 0' (Automated)",D3-MFA,Access Control,Multi-factor Authentication,T1556
49.3,CIS 49.3 (L1) Configure 'Accounts: Rename administrator account' (Automated),D3-LAM,Access Control,Account Management,T1078
49.4,CIS 49.4 (L1) Configure 'Accounts: Rename guest account' (Automated),D3-LAM,Access Control,Account Management,T1078
49.9,CIS 49.9 (L1) Configure 'Interactive logon: Message text for users attempting to log on' (Automated),D3-SCA,Harden,System Configuration,T1546
49.10,CIS 49.10 (L1) Configure 'Interactive logon: Message title for users attempting to log on' (Automated),D3-SCA,Harden,System Configuration,T1546
4.5.4,CIS 4.5.4 (L2) Ensure 'MSS: (DisableSavePassword) Prevent the dial-up password from being saved (recommended)' is set to 'Enabled' (Automated),D3-PWD,Access Control,Password Policies,T1201
4.5.6,"CIS 4.5.6 (L2) Ensure 'MSS: (KeepAliveTime) How often keep- alive packets are sent in milliseconds' is set to 'Enabled: 300,000 or 5 minutes (recommended)' (Automated)",D3-SCA,Harden,System Configuration,T1546
4.5.8,CIS 4.5.8 (L2) Ensure 'MSS: (PerformRouterDiscovery) Allow IRDP to detect and configure Default Gateway addresses (could lead to DoS)' is set to 'Disabled' (Automated),D3-SCA,Harden,System Configuration,T1546
4.5.11,CIS 4.5.11 (L2) Ensure 'MSS: (TcpMaxDataRetransmissions IPv6) How many times unacknowledged data is retransmitted' is set to 'Enabled: 3' (Automated),D3-SCA,Harden,System Configuration,T1546
4.5.12,CIS 4.5.12 (L2) Ensure 'MSS: (TcpMaxDataRetransmissions) How many times unacknowledged data is retransmitted' is set to 'Enabled: 3' (Automated),D3-SCA,Harden,System Configuration,T1546
4.6.8.1,CIS 4.6.8.1 (L2) Ensure 'Turn on Mapper I/O (LLTDIO) driver' is set to 'Disabled' (Automated),D3-SCA,Harden,System Configuration,T1546
4.6.8.2,CIS 4.6.8.2 (L2) Ensure 'Turn on Responder (RSPNDR) driver' is set to 'Disabled' (Automated),D3-SCA,Harden,System Configuration,T1546
4.6.17.1,CIS 4.6.17.1 (L2) Ensure 'Configuration of wireless settings using Windows Connect Now' is set to 'Disabled' (Automated),D3-SCA,Harden,System Configuration,T1546
4.6.17.2,CIS 4.6.17.2 (L2) Ensure 'Prohibit access of the Windows Connect Now wizards' is set to 'Enabled' (Automated),D3-SCA,Harden,System Configuration,T1546
4.10.20.1.1,CIS 4.10.20.1.1 (L2) Ensure 'Turn off access to the Store' is set to 'Enabled' (Automated),D3-SCA,Harden,System Configuration,T1546
4.10.20.1.3,CIS 4.10.20.1.3 (L2) Ensure 'Turn off Help Experience Improvement Program (User)' is set to 'Enabled' (Automated),D3-SCA,Harden,System Configuration,T1546
4.10.20.1.4,CIS 4.10.20.1.4 (L2) Ensure 'Turn off Internet Connection Wizard if URL connection is referring to Microsoft.com' is set to 'Enabled' (Automated),D3-NI,Isolate,Network Isolation,T1563
4.10.20.1.6,CIS 4.10.20.1.6 (L2) Ensure 'Turn off printing over HTTP' is set to 'Enabled' (Automated),D3-NI,Isolate,Network Isolation,T1563
4.10.20.1.7,CIS 4.10.20.1.7 (L2) Ensure 'Turn off Registration if URL connection is referring to Microsoft.com' is set to 'Enabled' (Automated),D3-SCA,Harden,System Configuration,T1546
4.10.20.1.8,CIS 4.10.20.1.8 (L2) Ensure 'Turn off Search Companion content file updates' is set to 'Enabled' (Automated),D3-PM,Harden,Patch Management,T1072
4.10.20.1.9,"CIS 4.10.20.1.9 (L2) Ensure 'Turn off the ""Order Prints"" picture task' is set to 'Enabled' (Automated)",D3-SCA,Harden,System Configuration,T1546
4.10.20.1.10,"CIS 4.10.20.1.10 (L2) Ensure 'Turn off the ""Publish to Web"" task for files and folders' is set to 'Enabled' (Automated)",D3-SCA,Harden,System Configuration,T1546
4.10.20.1.11,CIS 4.10.20.1.11 (L2) Ensure 'Turn off the Windows Messenger Customer Experience Improvement Program' is set to 'Enabled' (Automated),D3-SCA,Harden,System Configuration,T1546
4.10.20.1.12,CIS 4.10.20.1.12 (L2) Ensure 'Turn off Windows Customer Experience Improvement Program' is set to 'Enabled' (Automated),D3-SCA,Harden,System Configuration,T1546
4.10.20.1.13,CIS 4.10.20.1.13 (L2) Ensure 'Turn off Windows Error Reporting' is set to 'Enabled' (Automated),D3-SCA,Harden,System Configuration,T1546
4.10.23.1,CIS 4.10.23.1 (L2) Ensure 'Support device authentication using certificate' is set to 'Enabled: Automatic' (Automated),D3-MFA,Access Control,Multi-factor Authentication,T1556
4.10.25.1,CIS 4.10.25.1 (L2) Ensure 'Disallow copying of user input methods to the system account for sign-in' is set to 'Enabled' (Automated),D3-LAM,Access Control,Account Management,T1078
4.10.40.5.1,CIS 4.10.40.5.1 (L2) Ensure 'Microsoft Support Diagnostic Tool: Turn on MSDT interactive communication with support provider' is set to 'Disabled' (Automated),D3-SCA,Harden,System Configuration,T1546
4.11.3.2,CIS 4.11.3.2 (L2) Ensure 'Block launching Universal Windows apps with Windows Runtime API access from hosted content.' is set to 'Enabled' (Automated),D3-SCA,Harden,System Configuration,T1546
4.11.28.3.2,CIS 4.11.28.3.2 (L2) Ensure 'Join Microsoft MAPS' is set to 'Disabled' (Automated),D3-SCA,Harden,System Configuration,T1546
4.11.28.10.1,CIS 4.11.28.10.1 (L2) Ensure 'Configure Watson events' is set to 'Disabled' (Automated),D3-SCA,Harden,System Configuration,T1546
4.11.35.1,CIS 4.11.35.1 (L2) Ensure 'Turn off Push To Install service' is set to 'Enabled' (Automated),D3-SCA,Harden,System Configuration,T1546
4.11.36.4.2.1,CIS 4.11.36.4.2.1 (L2) Ensure 'Allow users to connect remotely by using Remote Desktop Services' is set to 'Disabled' (Automated),D3-SCA,Harden,System Configuration,T1546
4.11.36.4.3.1,CIS 4.11.36.4.3.1 (L2) Ensure 'Do not allow COM port redirection' is set to 'Enabled' (Automated),D3-SCA,Harden,System Configuration,T1546
4.11.36.4.3.3,CIS 4.11.36.4.3.3 (L2) Ensure 'Do not allow LPT port redirection' is set to 'Enabled' (Automated),D3-SCA,Harden,System Configuration,T1546
4.11.36.4.3.4,CIS 4.11.36.4.3.4 (L2) Ensure 'Do not allow supported Plug and Play device redirection' is set to 'Enabled' (Automated),D3-SCA,Harden,System Configuration,T1546
4.11.36.4.3.5,CIS 4.11.36.4.3.5 (L2) Ensure 'Restrict clipboard transfer from server to client' is set to 'Enabled: Disable clipboard transfers from server to client' (Automated),D3-SCA,Harden,System Configuration,T1546
4.11.36.4.10.1,"CIS 4.11.36.4.10.1 (L2) Ensure 'Set time limit for active but idle Remote Desktop Services sessions' is set to 'Enabled: 15 minutes or less, but not Never (0)' (Automated)",D3-SCA,Harden,System Configuration,T1546
4.11.36.4.10.2,CIS 4.11.36.4.10.2 (L2) Ensure 'Set time limit for disconnected sessions' is set to 'Enabled: 1 minute' (Automated),D3-SCA,Harden,System Configuration,T1546
4.11.42.2,CIS 4.11.42.2 (L2) Ensure 'Turn off the Store application' is set to 'Enabled' (Automated),D3-SCA,Harden,System Configuration,T1546
4.11.49.1,CIS 4.11.49.1 (L2) Ensure 'Prevent Internet Explorer security prompt for Windows Installer scripts' is set to 'Disabled' (Automated),D3-SCA,Harden,System Configuration,T1546
4.11.52.2.1,CIS 4.11.52.2.1 (L2) Ensure 'Prevent Codec Download (User)' is set to 'Enabled' (Automated),D3-SCA,Harden,System Configuration,T1546
4.11.54.1,CIS 4.11.54.1 (L2) Ensure 'Turn on PowerShell Script Block Logging' is set to 'Enabled' (Automated),D3-LME,Detect,Log Management,T1005
4.11.54.2,CIS 4.11.54.2 (L2) Ensure 'Turn on PowerShell Transcription' is set to 'Enabled' (Automated),D3-SCA,Harden,System Configuration,T1546
4.11.55.2.2,CIS 4.11.55.2.2 (L2) Ensure 'Allow remote server management through WinRM' is set to 'Disabled' (Automated),D3-SCA,Harden,System Configuration,T1546
4.11.56.1,CIS 4.11.56.1 (L2) Ensure 'Allow Remote Shell Access' is set to 'Disabled' (Automated),D3-SCA,Harden,System Configuration,T1546
12.1,CIS 12.1 (L2) Ensure 'Allow Camera' is set to 'Not allowed' (Automated),D3-SCA,Harden,System Configuration,T1546
22.24,CIS 22.24 (L2) Ensure 'Enable Convert Warn To Block' is set to 'Warn verdicts are converted to block' (Automated),D3-SCA,Harden,System Configuration,T1546
22.25,CIS 22.25 (L2) Ensure 'Enable File Hash Computation' is set to 'Enable' (Automated),D3-SCA,Harden,System Configuration,T1546
22.31,CIS 22.31 (L2) Ensure 'Remote Encryption Protection Aggressiveness' is set to 'Medium' or higher (Automated),D3-FKA,Access Control,File Encryption,T1213
34.3,CIS 34.3 (L2) Ensure 'Allow Windows Spotlight (User)' is set to 'Block' (Automated),D3-SCA,Harden,System Configuration,T1546
47.1,CIS 47.1 (L2) Ensure 'Disallow KMS Client Online AVS Validation' is set to 'Allow' (Automated),D3-SCA,Harden,System Configuration,T1546
49.5,CIS 49.5 (L2) Ensure 'Devices: Prevent users from installing printer drivers when connecting to shared printers' is set to 'Enable' (Automated),D3-SCA,Harden,System Configuration,T1546
54.1,CIS 54.1 (L2) Ensure 'Allow Message Sync' is set to 'message sync is not allowed and cannot be changed by the user.' (Automated),D3-SCA,Harden,System Configuration,T1546
55.3,CIS 55.3 (L2) Ensure 'Allow Shared User App Data' is set to 'Block' (Automated),D3-SCA,Harden,System Configuration,T1546
55.5,CIS 55.5 (L2) Ensure 'Disable Store Originated Apps' is set to 'Enabled' (Automated),D3-SCA,Harden,System Configuration,T1546
61.1,CIS 61.1 (L2) Ensure 'Disallow Cloud Notification' is set to 'Allow' (Automated),D3-SCA,Harden,System Configuration,T1546
68.1,CIS 68.1 (L2) Ensure 'Allow Cross Device Clipboard' is set to 'Block' (Automated),D3-SCA,Harden,System Configuration,T1546
68.3,CIS 68.3 (L2) Ensure 'Disable Advertising ID' is set to 'Enabled' (Automated),D3-SCA,Harden,System Configuration,T1546
68.5,CIS 68.5 (L2) Ensure 'Upload User Activities' is set to 'Disabled' (Automated),D3-DL Prevention,Isolate,Data Loss Prevention,T1565
72.1,CIS 72.1 (L2) Ensure 'Allow Cloud Search' is set to 'Not allowed' (Automated),D3-SCA,Harden,System Configuration,T1546
72.4,CIS 72.4 (L2) Ensure 'Allow search highlights' is set to '0' (Automated),D3-SCA,Harden,System Configuration,T1546
74.1,CIS 74.1 (L2) Ensure 'Allow Online Tips' is set to 'Block' (Automated),D3-SCA,Harden,System Configuration,T1546
80.1,CIS 80.1 (L2) Ensure 'Allow Font Providers' is set to 'Not allowed' (Automated),D3-SCA,Harden,System Configuration,T1546
80.2,CIS 80.2 (L2) Ensure 'Allow Location' is set to 'Force Location Off...' (Automated),D3-DL Prevention,Isolate,Data Loss Prevention,T1565
80.4,CIS 80.4 (L2) Ensure 'Disable Enterprise Auth Proxy' is set to 'Enable' (Automated),D3-MFA,Access Control,Multi-factor Authentication,T1556
80.5,CIS 80.5 (L2) Ensure 'Disable One Drive File Sync' is set to 'Sync Disabled' (Automated),D3-SCA,Harden,System Configuration,T1546
81.1,CIS 81.1 (L2) Ensure 'Bluetooth Audio Gateway Service (BTAGService)' is set to 'Disabled' (Automated),D3-NI,Isolate,Network Isolation,T1563
81.2,CIS 81.2 (L2) Ensure 'Bluetooth Support Service (bthserv)' is set to 'Disabled' (Automated),D3-NI,Isolate,Network Isolation,T1563
81.4,CIS 81.4 (L2) Ensure 'Downloaded Maps Manager (MapsBroker)' is set to 'Disabled' (Automated),D3-SCA,Harden,System Configuration,T1546
81.5,CIS 81.5 (L2) Ensure 'GameInput Service (GameInputSvc)' is set to 'Disabled' (Automated),D3-SCA,Harden,System Configuration,T1546
81.6,CIS 81.6 (L2) Ensure 'Geolocation Service (lfsvc)' is set to 'Disabled' (Automated),D3-DL Prevention,Isolate,Data Loss Prevention,T1565
81.9,CIS 81.9 (L2) Ensure 'Link-Layer Topology Discovery Mapper (lltdsvc)' is set to 'Disabled' (Automated),D3-LME,Detect,Log Management,T1005
81.12,CIS 81.12 (L2) Ensure 'Microsoft iSCSI Initiator Service (MSiSCSI)' is set to 'Disabled' (Automated),D3-SCA,Harden,System Configuration,T1546
81.14,CIS 81.14 (L2) Ensure 'Print Spooler (Spooler)' is set to 'Disabled' (Automated),D3-SCA,Harden,System Configuration,T1546
81.15,CIS 81.15 (L2) Ensure 'Problem Reports and Solutions Control Panel Support (wercplsupport)' is set to 'Disabled' (Automated),D3-SCA,Harden,System Configuration,T1546
81.16,CIS 81.16 (L2) Ensure 'Remote Access Auto Connection Manager (RasAuto)' is set to 'Disabled' (Automated),D3-SCA,Harden,System Configuration,T1546
81.17,CIS 81.17 (L2) Ensure 'Remote Desktop Configuration (SessionEnv)' is set to 'Disabled' (Automated),D3-SCA,Harden,System Configuration,T1546
81.18,CIS 81.18 (L2) Ensure 'Remote Desktop Services (TermService)' is set to 'Disabled' (Automated),D3-SCA,Harden,System Configuration,T1546
81.19,CIS 81.19 (L2) Ensure 'Remote Desktop Services UserMode Port Redirector (UmRdpService)' is set to 'Disabled' (Automated),D3-SCA,Harden,System Configuration,T1546
81.21,CIS 81.21 (L2) Ensure 'Remote Registry (RemoteRegistry)' is set to 'Disabled' (Automated),D3-SCA,Harden,System Configuration,T1546
81.23,CIS 81.23 (L2) Ensure 'Server (LanmanServer)' is set to 'Disabled' (Automated),D3-SCA,Harden,System Configuration,T1546
81.25,CIS 81.25 (L2) Ensure 'SNMP Service (SNMP)' is set to 'Disabled' or 'Not Installed' (Automated),D3-SCA,Harden,System Configuration,T1546
81.30,CIS 81.30 (L2) Ensure 'Windows Error Reporting Service (WerSvc)' is set to 'Disabled' (Automated),D3-SCA,Harden,System Configuration,T1546
81.31,CIS 81.31 (L2) Ensure 'Windows Event Collector (Wecsvc)' is set to 'Disabled' (Automated),D3-SCA,Harden,System Configuration,T1546
81.34,CIS 81.34 (L2) Ensure 'Windows Push Notifications System Service (WpnService)' is set to 'Disabled' (Automated),D3-SCA,Harden,System Configuration,T1546
81.35,CIS 81.35 (L2) Ensure 'Windows PushToInstall Service (PushToInstall)' is set to 'Disabled' (Automated),D3-SCA,Harden,System Configuration,T1546
81.36,CIS 81.36 (L2) Ensure 'Windows Remote Management (WS- Management) (WinRM)' is set to 'Disabled' (Automated),D3-SCA,Harden,System Configuration,T1546
81.37,CIS 81.37 (L2) Ensure 'WinHTTP Web Proxy Auto-Discovery Service (WinHttpAutoProxySvc)' is set to 'Disabled' (Automated),D3-NI,Isolate,Network Isolation,T1563
89.24,CIS 89.24 (L2) Ensure 'Log On As Batch Job' is set to 'Administrators' (Automated),D3-LME,Detect,Log Management,T1005
98.1,CIS 98.1 (L2) Ensure 'Allow suggested apps in Windows Ink Workspace' is set to 'Block' (Automated),D3-SCA,Harden,System Configuration,T1546
28.1,CIS 28.1 (BL) Ensure 'Device Enumeration Policy' is set to 'Block all (most restrictive)' (Automated),D3-SCA,Harden,System Configuration,T1546
4.10.9.1.1,CIS 4.10.9.1.1 (BL) Ensure 'Prevent installation of devices using drivers that match these device setup classes' is set to 'Enabled' (Automated),D3-SCA,Harden,System Configuration,T1546
4.10.9.1.2,CIS 4.10.9.1.2 (BL) Ensure 'Prevent installation of devices using drivers that match these device setup classes: Also apply to matching devices that are already installed.' is set to 'True' (checked) (Automated),D3-SCA,Harden,System Configuration,T1546
4.11.7.1.1,CIS 4.11.7.1.1 (BL) Ensure 'Choose how BitLocker-protected fixed drives can be recovered' is set to 'Enabled' (Automated),D3-SCA,Harden,System Configuration,T1546
4.11.7.1.2,CIS 4.11.7.1.2 (BL) Ensure 'Choose how BitLocker-protected fixed drives can be recovered: Recovery Key' is set to 'Enabled: Allow 256-bit recovery key' (Automated),D3-DBK,Recover,Data Backup,T1534
4.11.7.1.3,CIS 4.11.7.1.3 (BL) Ensure 'Choose how BitLocker-protected fixed drives can be recovered: Recovery Password' is set to 'Enabled: Allow 48-digit recovery password' (Automated),D3-PWD,Access Control,Password Policies,T1201
4.11.7.1.4,CIS 4.11.7.1.4 (BL) Ensure 'Choose how BitLocker-protected fixed drives can be recovered: Allow data recovery agent' is set to 'Enabled: True' (Automated),D3-DBK,Recover,Data Backup,T1534
4.11.7.1.5,CIS 4.11.7.1.5 (BL) Ensure 'Choose how BitLocker-protected fixed drives can be recovered: Configure storage of BitLocker recovery information to AD DS' is set to 'Enabled: Backup recovery passwords and key packages' (Automated),D3-PWD,Access Control,Password Policies,T1201
4.11.7.1.6,CIS 4.11.7.1.6 (BL) Ensure 'Choose how BitLocker-protected fixed drives can be recovered: Do not enable BitLocker until recovery information is stored to AD DS for fixed data drives' is set to 'Enabled: False' (Automated),D3-DBK,Recover,Data Backup,T1534
4.11.7.1.7,CIS 4.11.7.1.7 (BL) Ensure 'Choose how BitLocker-protected fixed drives can be recovered: Omit recovery options from the BitLocker setup wizard' is set to 'Enabled: True' (Automated),D3-DBK,Recover,Data Backup,T1534
4.11.7.1.8,CIS 4.11.7.1.8 (BL) Ensure 'Choose how BitLocker-protected fixed drives can be recovered: Save BitLocker recovery information to AD DS for fixed data drives' is set to 'Enabled: False' (Automated),D3-DBK,Recover,Data Backup,T1534
4.11.7.2.1,CIS 4.11.7.2.1 (BL) Ensure 'Choose how BitLocker-protected operating system drives can be recovered' is set to 'Enabled' (Automated),D3-SCA,Harden,System Configuration,T1546
4.11.7.2.2,CIS 4.11.7.2.2 (BL) Ensure 'Choose how BitLocker-protected operating system drives can be recovered: Recovery Key' is set to 'Enabled: Do not allow 256-bit recovery key' (Automated),D3-DBK,Recover,Data Backup,T1534
4.11.7.2.3,CIS 4.11.7.2.3 (BL) Ensure 'Choose how BitLocker-protected operating system drives can be recovered: Recovery Password' is set to 'Enabled: Require 48-digit recovery password' (Automated),D3-PWD,Access Control,Password Policies,T1201
4.11.7.2.4,CIS 4.11.7.2.4 (BL) Ensure 'Choose how BitLocker-protected operating system drives can be recovered: Allow data recovery agent' is set to 'Enabled: False' (Automated),D3-DBK,Recover,Data Backup,T1534
4.11.7.2.5,CIS 4.11.7.2.5 (BL) Ensure 'Choose how BitLocker-protected operating system drives can be recovered: Configure storage of BitLocker recovery information to AD DS:' is set to 'Enabled: Store recovery passwords and key packages' (Automated),D3-PWD,Access Control,Password Policies,T1201
4.11.7.2.6,CIS 4.11.7.2.6 (BL) Ensure 'Choose how BitLocker-protected operating system drives can be recovered: Do not enable BitLocker until recovery information is stored to AD DS for operating system drives' is set to 'Enabled: True' (Automated),D3-DBK,Recover,Data Backup,T1534
4.11.7.2.7,CIS 4.11.7.2.7 (BL) Ensure 'Choose how BitLocker-protected operating system drives can be recovered: Omit recovery options from the BitLocker setup wizard' is set to 'Enabled: True' (Automated),D3-DBK,Recover,Data Backup,T1534
4.11.7.2.8,CIS 4.11.7.2.8 (BL) Ensure 'Choose how BitLocker-protected operating system drives can be recovered: Save BitLocker recovery information to AD DS for operating system drives' is set to 'Enabled: True' (Automated),D3-DBK,Recover,Data Backup,T1534
4.11.7.2.10,CIS 4.11.7.2.10 (BL) Ensure 'Require additional authentication at startup: Configure TPM startup key and PIN:' is set to 'Enabled: Do not allow startup key and PIN with TPM' (Automated),D3-MFA,Access Control,Multi-factor Authentication,T1556
4.11.7.2.11,CIS 4.11.7.2.11 (BL) Ensure 'Require additional authentication at startup: Configure TPM startup key:' is set to 'Enabled: Do not allow startup key with TPM' (Automated),D3-MFA,Access Control,Multi-factor Authentication,T1556
4.11.7.2.12,CIS 4.11.7.2.12 (BL) Ensure 'Require additional authentication at startup: Configure TPM startup PIN:' is set to 'Enabled: Require startup PIN with TPM' (Automated),D3-MFA,Access Control,Multi-factor Authentication,T1556
4.11.7.2.13,CIS 4.11.7.2.13 (BL) Ensure 'Require additional authentication at startup: Configure TPM startup:' is set to 'Enabled: Do not allow TPM' (Automated),D3-MFA,Access Control,Multi-factor Authentication,T1556
4.11.7.2.14,CIS 4.11.7.2.14 (BL) Ensure 'Enforce drive encryption type on operating system drives: Select the encryption type: (device)' is set to 'Enabled: Used Space Only encryption' or 'Enabled: Full encryption' (Automated),D3-FKA,Access Control,File Encryption,T1213
4.11.7.3.1,CIS 4.11.7.3.1 (BL) Ensure 'Deny write access to removable drives not protected by BitLocker' is set to 'Enabled' (Automated),D3-SCA,Harden,System Configuration,T1546
4.11.7.3.2,CIS 4.11.7.3.2 (BL) Ensure 'Deny write access to removable drives not protected by BitLocker: Do not allow write access to devices configured in another organization' is set to 'Enabled: False' (Automated),D3-SCA,Harden,System Configuration,T1546
4.11.7.4,CIS 4.11.7.4 (BL) Ensure 'Choose drive encryption method and cipher strength (Windows 10,D3-PWD,Access Control,Password Policies,T1201
4.11.7.5,CIS 4.11.7.5 (BL) Ensure 'Choose drive encryption method and cipher strength (Windows 10,D3-PWD,Access Control,Password Policies,T1201
4.11.7.6,CIS 4.11.7.6 (BL) Ensure 'Choose drive encryption method and cipher strength (Windows 10,D3-PWD,Access Control,Password Policies,T1201
8.3,CIS 8.3 (BL) Ensure 'Allow Warning For Other Disk Encryption: Allow Standard User Encryption' is set to 'Enabled' (Automated),D3-FKA,Access Control,File Encryption,T1213
4.11.7.2.9,CIS 4.11.7.2.9 (BL) Ensure 'Require additional authentication at startup' is set to 'Enabled' (Automated),D3-MFA,Access Control,Multi-factor Authentication,T1556
8.1,CIS 8.1 (BL) Ensure 'Require Device Encryption' is set to 'Enabled' (Automated),D3-FKA,Access Control,File Encryption,T1213
8.2,CIS 8.2 (BL) Ensure 'Allow Warning For Other Disk Encryption' is set to 'Disabled' (Automated),D3-FKA,Access Control,File Encryption,T1213
4.10.9.1.3,CIS 4.10.9.1.3 (BL) Ensure 'Prevent installation of devices using drivers that match these device setup classes: Prevent installation of devices using drivers for these device setup' is set to 'IEEE 1394 device setup classes' (Automated),D3-SCA,Harden,System Configuration,T1546
5.7,CIS 5.7 (L1) Ensure an Administrator Account Cannot Login to Another User's Active and Locked Session (Automated),D3-LAM,Access Control,Account Management,T1078
2.6.1.2,CIS 2.6.1.2 (L2) Ensure 'Show Location Icon in Control Center when System Services Request Your Location' Is Enabled (Automated),D3-DL Prevention,Isolate,Data Loss Prevention,T1565
2.2.1,CIS 2.2.1 (L1) Ensure Firewall Is Enabled (Automated),D3-NI,Isolate,Network Isolation,T1563
2.2.2,CIS 2.2.2 (L1) Ensure Firewall Stealth Mode Is Enabled (Automated),D3-NI,Isolate,Network Isolation,T1563
2.6.3.4,CIS 2.6.3.4 (L1) Ensure 'Share with app developers' Is Disabled (Automated),D3-SCA,Harden,System Configuration,T1546
